{
  "q_table": {
    "(2, 0, 2, 0, 0, 0)": [
      2.338111531507435,
      -0.346480324080473,
      0.5453438838496183,
      1.5496382585676722,
      2.352135752041337,
      -0.10422794921391476,
      1.827927752982131,
      3.43994331311863
    ],
    "(2, 0, 2, 0, 0, 1)": [
      2.2485720883895333,
      -0.13716570678412948,
      1.2413390838309635,
      1.3889555367655113,
      2.9988953073422535,
      0.05954416935793973,
      2.4591021564753626,
      2.0695214109897546
    ],
    "(2, 0, 2, 0, 0, 2)": [
      2.992660426521254,
      -0.01338937113241817,
      1.4507349295908816,
      1.097814828895801,
      1.6968722079098368,
      0.02733910151150476,
      1.924726995276973,
      1.5716426717624328
    ],
    "(2, 0, 3, 0, 1, 0)": [
      0.0,
      0.0,
      0.0,
      0.0,
      0.39980000000000004,
      -0.04132138824938403,
      0.2198,
      0.2397934717202
    ],
    "(2, 0, 3, 0, 1, 1)": [
      0.26165152416969323,
      -0.13856512212199998,
      0.0,
      0.0,
      0.2,
      -0.10445368947182582,
      0.0,
      0.0
    ],
    "(2, 0, 3, 0, 1, 2)": [
      0.0,
      -0.2,
      0.0,
      0.03958020000000001,
      0.2,
      0.0,
      0.0,
      0.0
    ],
    "(3, 0, 3, 0, 1, 0)": [
      0.0,
      -0.7270412911036401,
      0.03762,
      0.0397934717202,
      0.671514566903084,
      -0.44841749110364004,
      0.8640876191091356,
      0.0
    ],
    "(3, 0, 3, 0, 1, 1)": [
      0.0,
      -0.645182837788836,
      0.054183902058,
      0.05951368764000001,
      0.60327786764,
      -0.5020510863800001,
      0.46186788602294104,
      0.28186788602294105
    ],
    "(2, 0, 2, 0, 1, 0)": [
      1.615544948244922,
      -0.1826015952828641,
      0.5526297892694553,
      0.9279802193581512,
      1.3464822297878243,
      -0.542045601373772,
      2.2230512659427237,
      1.1827978372231793
    ],
    "(2, 0, 2, 0, 1, 1)": [
      0.567099135769368,
      -0.35211533994246375,
      0.8415614749659592,
      0.36606105956778523,
      1.9911197883706935,
      -0.6377262954702584,
      1.1864944694225652,
      1.7005092572880462
    ],
    "(2, 0, 2, 0, 1, 2)": [
      0.41938418,
      -0.6036682089819314,
      0.6590760951451684,
      0.3566008365397675,
      1.3482906302652078,
      -0.512944842283642,
      1.4026406725300322,
      2.1280081038665886
    ],
    "(3, 0, 3, 0, 1, 2)": [
      0.2019602,
      -0.33865562,
      0.1439376520344701,
      0.12183473933074473,
      0.4863329099395236,
      -0.3382368645174134,
      0.2217602,
      0.8269483436660711
    ],
    "(3, 0, 3, 0, 2, 0)": [
      0.4451209026041385,
      -0.3602,
      0.12372971494786311,
      0.0867477706276531,
      0.6660987021679443,
      -0.18020000000000003,
      0.44728358940648993,
      0.22208240780139268
    ],
    "(3, 0, 2, 0, 2, 1)": [
      0.5858037860873342,
      -0.3685018447422683,
      0.03017240090549,
      0.0,
      0.0,
      -0.3161211206696191,
      0.0,
      0.24272579150970397
    ],
    "(3, 0, 3, 0, 2, 2)": [
      0.2198,
      -0.1778210445174134,
      0.14539237889680479,
      0.06372498750686646,
      0.6326973618030965,
      -0.5998062693059445,
      0.46573131404973067,
      0.23537499010562898
    ],
    "(3, 0, 3, 0, 2, 1)": [
      0.4633862006493491,
      -0.15727420849029605,
      0.13768461940292073,
      0.11976449682499837,
      0.4426370388185066,
      0.0,
      0.0,
      0.6577868949912977
    ],
    "(2, 0, 2, 0, 2, 0)": [
      0.8486720140091867,
      -0.2497729360841753,
      0.0,
      0.1301660090602722,
      0.0,
      -0.7673456483287461,
      0.2579945748226461,
      0.2198
    ],
    "(2, 0, 2, 0, 2, 1)": [
      0.42286615436048863,
      -0.5513149879462348,
      0.06318388809732962,
      0.0,
      0.4431838880973296,
      0.0,
      0.7893043880679815,
      0.40389309362000003
    ],
    "(2, 0, 2, 0, 2, 2)": [
      0.6382210918922184,
      -0.39837542398707526,
      0.0,
      0.08845603997413695,
      0.2627583967549502,
      -0.3513750034570694,
      0.22937499582767487,
      0.2217602
    ],
    "(3, 0, 2, 0, 1, 2)": [
      0.0,
      -0.3314712204758603,
      0.0217602,
      0.0,
      0.0,
      -0.24683780423787377,
      0.20198131390029983,
      0.0
    ],
    "(2, 0, 3, 0, 0, 0)": [
      0.0,
      0.0,
      0.0,
      0.0,
      0.2,
      0.0,
      0.25778759626838,
      0.0
    ],
    "(2, 0, 3, 0, 0, 1)": [
      0.0,
      -0.2879733220771515,
      0.0,
      0.0,
      0.0,
      0.0,
      0.0,
      0.58371309362
    ],
    "(3, 0, 2, 0, 2, 0)": [
      0.6991652977693709,
      0.0,
      0.05799457482264608,
      0.039902407801392675,
      0.0,
      -0.14200542517735393,
      0.2579945748226461,
      0.2198
    ],
    "(3, 0, 2, 0, 2, 2)": [
      0.0,
      -0.32146251052618025,
      0.07084222265438639,
      0.0926706229052515,
      0.0,
      0.0,
      0.0,
      0.0
    ],
    "(2, 0, 3, 0, 0, 2)": [
      0.2217602,
      0.0,
      0.0,
      0.0198,
      0.2217602,
      0.0,
      0.26647994212340537,
      0.0
    ],
    "(3, 0, 2, 0, 1, 0)": [
      0.0,
      0.0,
      0.020013271720200003,
      0.0,
      0.22001327172020002,
      -0.1799867282798,
      0.0,
      0.0
    ],
    "(3, 0, 2, 0, 1, 1)": [
      0.26165152416969323,
      -0.1978457402,
      0.06165152416969323,
      0.0021542598000000002,
      0.0,
      -0.12038763707550611,
      0.2021542598,
      0.0
    ]
  },
  "epsilon": 0.9046104802746175,
  "n_updates": 600,
  "total_steps": 600,
  "hyperparams": {
    "n_actions": 8,
    "lr": 0.1,
    "gamma": 0.99,
    "epsilon_min": 0.05,
    "epsilon_decay": 0.995
  }
}