{
  "q_table": {
    "(2, 0, 2, 0, 0, 0)": [
      0.4605336757002998,
      -0.44448193811196285,
      0.11204326979999998,
      0.5430914859887597,
      1.5106597965731188,
      -0.36835334009779774,
      0.957756626769136,
      1.2405200604645559
    ],
    "(2, 0, 2, 0, 0, 1)": [
      0.9986871751809783,
      -0.393656295284906,
      0.34137775293141714,
      0.6571496694060153,
      1.390326394998076,
      -0.3253213845783046,
      1.2175148277988335,
      0.9144619428966302
    ],
    "(2, 0, 2, 0, 0, 2)": [
      2.1462744431535867,
      -0.29451030293651115,
      0.319626412765971,
      0.361891458035657,
      0.8119301092839181,
      0.0,
      0.9507436044828765,
      0.5864452392175841
    ],
    "(2, 0, 3, 0, 1, 0)": [
      0.0,
      0.0,
      0.0,
      0.0,
      0.39980000000000004,
      0.0,
      0.2198,
      0.0
    ],
    "(2, 0, 3, 0, 1, 1)": [
      0.0,
      -0.13856512212199998,
      0.0,
      0.0,
      0.2,
      0.0,
      0.0,
      0.0
    ],
    "(2, 0, 3, 0, 1, 2)": [
      0.0,
      -0.2,
      0.0,
      0.0,
      0.2,
      0.0,
      0.0,
      0.0
    ],
    "(3, 0, 3, 0, 1, 0)": [
      0.0,
      -0.3602,
      0.03762,
      0.0397934717202,
      0.2198,
      -0.18020000000000003,
      0.2198,
      0.0
    ],
    "(3, 0, 3, 0, 1, 1)": [
      0.0,
      -0.18020000000000003,
      0.054183902058,
      0.019994059800000002,
      0.4019542598,
      -0.5020510863800001,
      0.2,
      0.0
    ],
    "(2, 0, 2, 0, 1, 0)": [
      1.1472526844659217,
      -0.19969161592395862,
      0.283554673200467,
      0.2489904261419738,
      0.7191440245991008,
      -0.5250868742849251,
      0.639314689551464,
      0.9366523562623248
    ],
    "(2, 0, 2, 0, 1, 1)": [
      0.261434877878,
      -0.17804574020000002,
      0.15602828982669528,
      0.16730148955653842,
      1.2250214902225225,
      -0.6377262954702584,
      0.7110464399945384,
      0.692941753014694
    ],
    "(2, 0, 2, 0, 1, 2)": [
      0.41938418,
      -0.5025315932929726,
      0.24102357432944854,
      0.08920955717185525,
      0.4868353191718553,
      -0.4910252863618025,
      0.852294577723745,
      0.9651142477593353
    ],
    "(3, 0, 3, 0, 1, 2)": [
      0.2019602,
      -0.33865562,
      0.0217602,
      0.0198,
      0.0,
      0.0,
      0.2217602,
      0.41938418
    ],
    "(3, 0, 3, 0, 2, 0)": [
      0.2,
      -0.3602,
      0.0,
      0.0,
      0.22208240780139268,
      -0.18020000000000003,
      0.22402985335946068,
      0.22208240780139268
    ],
    "(3, 0, 2, 0, 2, 1)": [
      0.5858037860873342,
      0.0,
      0.025732245403006386,
      0.0,
      0.0,
      0.0,
      0.0,
      0.24272579150970397
    ],
    "(3, 0, 3, 0, 2, 2)": [
      0.2198,
      0.0,
      0.06086248725652695,
      0.0,
      0.4315736516131712,
      -0.5998062693059445,
      0.2219861583723379,
      0.0
    ],
    "(3, 0, 3, 0, 2, 1)": [
      0.22305462425649167,
      -0.15727420849029605,
      0.023054624256491664,
      0.023054624256491664,
      0.2,
      0.0,
      0.0,
      0.24272579150970397
    ],
    "(2, 0, 2, 0, 2, 0)": [
      0.4178332717202,
      0.0,
      0.0,
      0.05780541626838001,
      0.0,
      -0.6139565837316201,
      0.0,
      0.2198
    ],
    "(2, 0, 2, 0, 2, 1)": [
      0.2,
      -0.2,
      0.0,
      0.0,
      0.2,
      0.0,
      0.5845783333007244,
      0.40389309362000003
    ],
    "(2, 0, 2, 0, 2, 2)": [
      0.4329914581867541,
      0.0,
      0.0,
      0.0413654939002998,
      0.0,
      -0.3513750034570694,
      0.0,
      0.2217602
    ],
    "(3, 0, 2, 0, 1, 2)": [
      0.0,
      0.0,
      0.0,
      0.0,
      0.0,
      -0.1782398,
      0.0,
      0.0
    ],
    "(2, 0, 3, 0, 0, 0)": [
      0.0,
      0.0,
      0.0,
      0.0,
      0.2,
      0.0,
      0.0,
      0.0
    ],
    "(2, 0, 3, 0, 0, 1)": [
      0.0,
      -0.12214175764127938,
      0.0,
      0.0,
      0.0,
      0.0,
      0.0,
      0.2
    ],
    "(3, 0, 2, 0, 2, 0)": [
      0.2579945748226461,
      0.0,
      0.0,
      0.039902407801392675,
      0.0,
      0.0,
      0.2579945748226461,
      0.2198
    ],
    "(3, 0, 2, 0, 2, 2)": [
      0.0,
      -0.1691250056028366,
      0.05033417749660492,
      0.0,
      0.0,
      0.0,
      0.0,
      0.0
    ],
    "(2, 0, 3, 0, 0, 2)": [
      0.2217602,
      0.0,
      0.0,
      0.0,
      0.0,
      0.0,
      0.0,
      0.0
    ],
    "(3, 0, 2, 0, 1, 0)": [
      0.0,
      0.0,
      0.0,
      0.0,
      0.0,
      0.0,
      0.0,
      0.0
    ],
    "(3, 0, 2, 0, 1, 1)": [
      0.0,
      0.0,
      0.0,
      0.0,
      0.0,
      -0.12038763707550611,
      0.0,
      0.0
    ]
  },
  "epsilon": 0.9511101304657719,
  "n_updates": 300,
  "total_steps": 300,
  "hyperparams": {
    "n_actions": 8,
    "lr": 0.1,
    "gamma": 0.99,
    "epsilon_min": 0.05,
    "epsilon_decay": 0.995
  }
}