{
  "q_table": {
    "(2, 0, 2, 0, 0, 0)": [
      7.706842288038807,
      2.606737191555433,
      4.152077481267229,
      4.641361382059158,
      6.560826439111559,
      3.1716904048178924,
      6.496452566107179,
      7.454541205031198
    ],
    "(2, 0, 2, 0, 0, 1)": [
      6.539581493755886,
      1.5518899543522433,
      5.010107958120936,
      4.728826593094135,
      7.987365073229662,
      2.2332303278553427,
      5.74434707183829,
      5.90834024941562
    ],
    "(2, 0, 2, 0, 0, 2)": [
      7.396159408641631,
      2.6703241227444345,
      3.5873467079856964,
      4.567264326676338,
      6.057064426660235,
      2.4503085942607026,
      5.374175330446013,
      5.159509700546794
    ],
    "(2, 0, 3, 0, 1, 0)": [
      0.5259188725193115,
      0.0,
      0.07024051596252082,
      0.12381768376999552,
      0.6801240984901085,
      -0.20097221377521562,
      0.2198,
      0.7178499613869902
    ],
    "(2, 0, 3, 0, 1, 1)": [
      0.636344277604145,
      -0.2713291171723218,
      0.11122926343271085,
      0.05337949273747821,
      0.2,
      -0.10445368947182582,
      1.0978400220272997,
      0.38025438260822025
    ],
    "(2, 0, 3, 0, 1, 2)": [
      0.8418039118902338,
      -0.14938326064081886,
      0.0,
      0.03958020000000001,
      0.5391867953280627,
      0.0,
      0.2855446742918044,
      0.5188374540597943
    ],
    "(3, 0, 3, 0, 1, 0)": [
      2.083313483358481,
      -0.7529409604263093,
      0.8083786247737245,
      0.7827062374580457,
      1.2737063508192041,
      -0.7396848105129165,
      3.2205803440383263,
      1.7478572953299407
    ],
    "(3, 0, 3, 0, 1, 1)": [
      2.0957732824005078,
      -0.41388375524172394,
      1.0108487351326811,
      0.7009234244439175,
      2.071485251586143,
      -0.7824204234280788,
      1.4567216850191862,
      2.5558494349264818
    ],
    "(2, 0, 2, 0, 1, 0)": [
      4.2167620167506055,
      0.4649270029908167,
      1.3971029061174027,
      1.4354072858953975,
      2.9877494428282483,
      0.19020752797838253,
      4.0160958549590955,
      2.6764784063210847
    ],
    "(2, 0, 2, 0, 1, 1)": [
      2.3882471096664517,
      0.05642737461025139,
      1.5230412292777469,
      1.6055765679310035,
      4.177258249807414,
      0.1235425772275891,
      2.2886810231664745,
      1.9411311338420338
    ],
    "(2, 0, 2, 0, 1, 2)": [
      1.979392261730957,
      -0.2828782222948202,
      1.7587744465004018,
      2.2247273257899227,
      1.9543694185342986,
      0.08757324548713978,
      2.620574302466627,
      3.5077935733013783
    ],
    "(3, 0, 3, 0, 1, 2)": [
      2.2770223733225876,
      -0.489842458604442,
      1.1686084701135984,
      0.9056352325143955,
      2.265256719996001,
      -0.38798349605150634,
      1.2507907057874426,
      2.6190896657926683
    ],
    "(3, 0, 3, 0, 2, 0)": [
      1.9357768905983064,
      -0.4673569979013954,
      0.7724008232203354,
      0.8223247551975359,
      1.421176404832766,
      -0.3957530630792788,
      2.253762827979163,
      1.8021984877379698
    ],
    "(3, 0, 2, 0, 2, 1)": [
      0.924387407757087,
      -0.48238083119999614,
      0.03017240090549,
      0.0,
      0.4498863410263464,
      -0.3161211206696191,
      0.0,
      0.4413593367568459
    ],
    "(3, 0, 3, 0, 2, 2)": [
      0.8854401964893124,
      -0.6883195416501687,
      0.33450206276785666,
      0.5797947957868225,
      1.7508585343477507,
      -0.7445141669459041,
      1.3748485552413467,
      2.14288463988882
    ],
    "(3, 0, 3, 0, 2, 1)": [
      1.8006928822705999,
      -0.5190148913480372,
      0.40334013098014476,
      0.34261210500788447,
      1.4197293114536857,
      -0.36445200790745935,
      1.4666043654137144,
      2.530568848328199
    ],
    "(2, 0, 2, 0, 2, 0)": [
      1.812120848177449,
      -0.30547765909868724,
      0.0,
      0.1301660090602722,
      0.5696450043539277,
      -0.7673456483287461,
      0.2579945748226461,
      0.2198
    ],
    "(2, 0, 2, 0, 2, 1)": [
      0.42286615436048863,
      -0.6329996010542817,
      0.12004938738492628,
      0.0,
      0.6620493873849262,
      0.0,
      1.5007544957874572,
      0.6558322210481403
    ],
    "(2, 0, 2, 0, 2, 2)": [
      1.3242673197909656,
      -0.39837542398707526,
      0.1228962895102034,
      0.19398677196762204,
      0.2627583967549502,
      -0.3513750034570694,
      0.22937499582767487,
      0.2217602
    ],
    "(3, 0, 2, 0, 1, 2)": [
      0.7581868484229581,
      -0.4785411581964151,
      0.08880154447916772,
      0.1293953613857095,
      0.30487424775620053,
      -0.33486386818678715,
      0.4673278568020743,
      0.0
    ],
    "(2, 0, 3, 0, 0, 0)": [
      0.0,
      0.0,
      0.0,
      0.05778759626838001,
      0.43778759626838,
      0.0,
      0.48979643290992203,
      0.0
    ],
    "(2, 0, 3, 0, 0, 1)": [
      0.0,
      -0.4117141872262409,
      0.08134458388289878,
      0.0,
      0.2813445838828988,
      0.0,
      0.0,
      0.58371309362
    ],
    "(3, 0, 2, 0, 2, 0)": [
      0.9035115916482284,
      -0.2535420590038239,
      0.30532989554482587,
      0.11017499067704802,
      0.0,
      -0.14200542517735393,
      0.2579945748226461,
      0.2198
    ],
    "(3, 0, 2, 0, 2, 2)": [
      0.49768514210146825,
      -0.58125964461267,
      0.07084222265438639,
      0.0926706229052515,
      0.0,
      -0.42724644544110557,
      0.37251765822143734,
      0.0
    ],
    "(2, 0, 3, 0, 0, 2)": [
      0.47065132617731203,
      0.0,
      0.0,
      0.09539022491865701,
      0.2217602,
      0.0,
      1.1926538690574762,
      0.4706368702538384
    ],
    "(3, 0, 2, 0, 1, 0)": [
      0.45302909405772174,
      0.0,
      0.020013271720200003,
      0.07830988839889952,
      1.303503463657946,
      -0.2518242232135197,
      0.22590350089279965,
      0.0
    ],
    "(3, 0, 2, 0, 1, 1)": [
      1.2477548418079532,
      -0.45235067969752984,
      0.06165152416969323,
      0.08964932030247019,
      0.38025438260822025,
      -0.09767607108516324,
      0.2021542598,
      0.6070375730896844
    ],
    "(3, 0, 2, 0, 0, 0)": [
      0.0,
      0.0,
      0.0,
      0.0,
      0.0,
      0.0,
      0.0,
      0.2
    ],
    "(3, 0, 3, 0, 0, 1)": [
      0.0,
      0.0,
      0.0,
      0.0,
      0.0,
      0.0,
      0.0,
      0.2
    ],
    "(3, 0, 3, 0, 0, 2)": [
      0.0,
      -0.09512575224379949,
      0.0,
      0.0,
      0.0,
      0.0,
      0.0,
      0.0
    ],
    "(2, 0, 3, 0, 2, 1)": [
      0.0,
      0.0,
      0.0,
      0.0,
      0.0,
      0.0,
      0.3876176659159348,
      0.0
    ]
  },
  "epsilon": 0.778312557068642,
  "n_updates": 1489,
  "total_steps": 1489,
  "hyperparams": {
    "n_actions": 8,
    "lr": 0.1,
    "gamma": 0.99,
    "epsilon_min": 0.05,
    "epsilon_decay": 0.995
  }
}