{
  "q_table": {
    "(2, 0, 2, 0, 0, 0)": [
      3.8162489888499946,
      0.5056485151195085,
      1.7512960644561466,
      2.334856205132362,
      4.285270903404536,
      0.4449158894891758,
      2.9928196318623996,
      4.862459902160433
    ],
    "(2, 0, 2, 0, 0, 1)": [
      3.393497609083993,
      0.40971823879676483,
      2.6424297137975348,
      1.3889555367655113,
      5.109924992103916,
      0.23866627134471197,
      3.274357691894677,
      2.731047203849388
    ],
    "(2, 0, 2, 0, 0, 2)": [
      4.663530775338925,
      0.415564827650511,
      1.9555167064741874,
      1.7751180962448334,
      2.430104864681395,
      0.30625950165778715,
      3.694920857762272,
      3.6399997571311
    ],
    "(2, 0, 3, 0, 1, 0)": [
      0.3203040984901085,
      0.0,
      0.0,
      0.025903500892799632,
      0.6801240984901085,
      -0.04132138824938403,
      0.2198,
      0.7178499613869902
    ],
    "(2, 0, 3, 0, 1, 1)": [
      0.26165152416969323,
      -0.13856512212199998,
      0.11122926343271085,
      0.0,
      0.2,
      -0.10445368947182582,
      0.0,
      0.0
    ],
    "(2, 0, 3, 0, 1, 2)": [
      0.0,
      -0.11954972285055734,
      0.0,
      0.03958020000000001,
      0.5391867953280627,
      0.0,
      0.2855446742918044,
      0.0
    ],
    "(3, 0, 3, 0, 1, 0)": [
      0.5737953793408042,
      -0.7529409604263093,
      0.22426757934080416,
      0.1561182230382885,
      1.2737063508192041,
      -0.5825621782743313,
      1.921126569127935,
      0.0
    ],
    "(3, 0, 3, 0, 1, 1)": [
      0.6778348499895008,
      -0.6148359110884373,
      0.3365549527771769,
      0.40753331595764297,
      1.2151929140415,
      -0.7397322341169021,
      0.7815097403421621,
      1.5514237717062787
    ],
    "(2, 0, 2, 0, 1, 0)": [
      2.3295395179837888,
      -0.1826015952828641,
      1.0590836202594383,
      1.1848382701317843,
      1.7706273828669012,
      -0.45092559129755566,
      2.6773571758988144,
      1.518398565871813
    ],
    "(2, 0, 2, 0, 1, 1)": [
      1.393168615150133,
      -0.35211533994246375,
      0.7774014775454929,
      0.6967877825872114,
      2.5362735806726313,
      -0.5632808636404403,
      1.7413388445695832,
      1.7005092572880462
    ],
    "(2, 0, 2, 0, 1, 2)": [
      0.7975278373283297,
      -0.6036682089819314,
      0.834532177481569,
      0.7664926023521519,
      1.9543694185342986,
      -0.3560829571148116,
      1.7551159062551234,
      2.1280081038665886
    ],
    "(3, 0, 3, 0, 1, 2)": [
      1.2998366129755148,
      -0.35736532962536355,
      0.6018963057891931,
      0.3218342665517564,
      0.9435279134617258,
      -0.32943495651989485,
      0.5238092269357102,
      1.675036797187022
    ],
    "(3, 0, 3, 0, 2, 0)": [
      0.7629115648115933,
      -0.5407428724967497,
      0.30851345344761305,
      0.4786505838646373,
      1.1436184041277997,
      -0.35778341869532504,
      0.9663781627910216,
      0.5178101961642875
    ],
    "(3, 0, 2, 0, 2, 1)": [
      0.5858037860873342,
      -0.3685018447422683,
      0.03017240090549,
      0.0,
      0.0,
      -0.3161211206696191,
      0.0,
      0.24272579150970397
    ],
    "(3, 0, 3, 0, 2, 2)": [
      0.6260754774336815,
      -0.46014755870721047,
      0.16410313313931119,
      0.14309162744879617,
      0.882645847631439,
      -0.7967020279637127,
      1.1473747807205463,
      1.2262235120354383
    ],
    "(3, 0, 3, 0, 2, 1)": [
      1.132379597530774,
      -0.5275263221823463,
      0.13768461940292073,
      0.11976449682499837,
      0.4426370388185066,
      -0.33151249987034914,
      0.9646093557786944,
      1.6394217420996826
    ],
    "(2, 0, 2, 0, 2, 0)": [
      0.8486720140091867,
      -0.2497729360841753,
      0.0,
      0.1301660090602722,
      0.0,
      -0.7673456483287461,
      0.2579945748226461,
      0.2198
    ],
    "(2, 0, 2, 0, 2, 1)": [
      0.42286615436048863,
      -0.5513149879462348,
      0.06318388809732962,
      0.0,
      0.4431838880973296,
      0.0,
      0.7893043880679815,
      0.40389309362000003
    ],
    "(2, 0, 2, 0, 2, 2)": [
      0.6382210918922184,
      -0.39837542398707526,
      0.0,
      0.08845603997413695,
      0.2627583967549502,
      -0.3513750034570694,
      0.22937499582767487,
      0.2217602
    ],
    "(3, 0, 2, 0, 1, 2)": [
      0.2659437715146265,
      -0.3314712204758603,
      0.0217602,
      0.0,
      0.30487424775620053,
      -0.24683780423787377,
      0.4673278568020743,
      0.0
    ],
    "(2, 0, 3, 0, 0, 0)": [
      0.0,
      0.0,
      0.0,
      0.0,
      0.43778759626838,
      0.0,
      0.25778759626838,
      0.0
    ],
    "(2, 0, 3, 0, 0, 1)": [
      0.0,
      -0.4117141872262409,
      0.0,
      0.0,
      0.0,
      0.0,
      0.0,
      0.58371309362
    ],
    "(3, 0, 2, 0, 2, 0)": [
      0.6991652977693709,
      0.0,
      0.05799457482264608,
      0.039902407801392675,
      0.0,
      -0.14200542517735393,
      0.2579945748226461,
      0.2198
    ],
    "(3, 0, 2, 0, 2, 2)": [
      0.23137499392032623,
      -0.32146251052618025,
      0.07084222265438639,
      0.0926706229052515,
      0.0,
      0.0,
      0.0,
      0.0
    ],
    "(2, 0, 3, 0, 0, 2)": [
      0.2217602,
      0.0,
      0.0,
      0.09539022491865701,
      0.2217602,
      0.0,
      0.47941214791106485,
      0.0
    ],
    "(3, 0, 2, 0, 1, 0)": [
      0.0,
      0.0,
      0.020013271720200003,
      0.0,
      0.22001327172020002,
      -0.1799867282798,
      0.22590350089279965,
      0.0
    ],
    "(3, 0, 2, 0, 1, 1)": [
      0.7910089737262577,
      -0.1978457402,
      0.06165152416969323,
      0.04820429164340536,
      0.0,
      -0.09767607108516324,
      0.2021542598,
      0.0
    ],
    "(3, 0, 2, 0, 0, 0)": [
      0.0,
      0.0,
      0.0,
      0.0,
      0.0,
      0.0,
      0.0,
      0.2
    ],
    "(3, 0, 3, 0, 0, 1)": [
      0.0,
      0.0,
      0.0,
      0.0,
      0.0,
      0.0,
      0.0,
      0.2
    ],
    "(3, 0, 3, 0, 0, 2)": [
      0.0,
      -0.09512575224379949,
      0.0,
      0.0,
      0.0,
      0.0,
      0.0,
      0.0
    ]
  },
  "epsilon": 0.8603841919146962,
  "n_updates": 900,
  "total_steps": 900,
  "hyperparams": {
    "n_actions": 8,
    "lr": 0.1,
    "gamma": 0.99,
    "epsilon_min": 0.05,
    "epsilon_decay": 0.995
  }
}