{
  "q_table": {
    "(2, 0, 2, 0, 0, 0)": [
      5.657079186486124,
      1.5383865371442915,
      2.5065997167695175,
      3.6583336789546146,
      5.3185634588537765,
      1.3579567255071976,
      4.675559952888291,
      6.683875610940847
    ],
    "(2, 0, 2, 0, 0, 1)": [
      5.976035603391615,
      0.7578548829353007,
      3.825977298729511,
      3.477973665286154,
      6.133778632163149,
      1.0559055609249413,
      3.6844632972187377,
      4.49534402763361
    ],
    "(2, 0, 2, 0, 0, 2)": [
      6.082560985578505,
      2.1446546888026843,
      2.312951890971867,
      3.6663561563570917,
      3.97245478760001,
      1.5003505786008637,
      4.548078483472938,
      3.978612406155471
    ],
    "(2, 0, 3, 0, 1, 0)": [
      0.5259188725193115,
      0.0,
      0.07024051596252082,
      0.05953018645274967,
      0.6801240984901085,
      -0.20097221377521562,
      0.2198,
      0.7178499613869902
    ],
    "(2, 0, 3, 0, 1, 1)": [
      0.636344277604145,
      -0.2713291171723218,
      0.11122926343271085,
      0.05337949273747821,
      0.2,
      -0.10445368947182582,
      0.709500161237584,
      0.38025438260822025
    ],
    "(2, 0, 3, 0, 1, 2)": [
      0.8418039118902338,
      -0.11954972285055734,
      0.0,
      0.03958020000000001,
      0.5391867953280627,
      0.0,
      0.2855446742918044,
      0.0
    ],
    "(3, 0, 3, 0, 1, 0)": [
      1.5093311168503827,
      -0.7529409604263093,
      0.6401178489893754,
      0.37277896141774625,
      1.2737063508192041,
      -0.7396848105129165,
      2.5571479993961055,
      0.6941088999962727
    ],
    "(3, 0, 3, 0, 1, 1)": [
      1.545234505753824,
      -0.6148359110884373,
      0.6749572869046554,
      0.7009234244439175,
      1.2151929140415,
      -0.7397322341169021,
      1.124934426196809,
      2.3461874816493595
    ],
    "(2, 0, 2, 0, 1, 0)": [
      2.9395313595134276,
      -0.1139791793921291,
      1.109743209340876,
      1.4354072858953975,
      2.2905524125225702,
      -0.23001230315644872,
      3.345490297146091,
      2.405349990277309
    ],
    "(2, 0, 2, 0, 1, 1)": [
      2.1101052407156597,
      -0.08159693130860114,
      1.1065413147908163,
      1.2084367946096517,
      2.7391676012470567,
      -0.33627803071255224,
      1.9778777623954173,
      1.9411311338420338
    ],
    "(2, 0, 2, 0, 1, 2)": [
      1.580724470117021,
      -0.4600908463469814,
      1.2616732771172279,
      0.9597670248552337,
      1.9543694185342986,
      -0.22099931046036686,
      2.620574302466627,
      2.9207312426500787
    ],
    "(3, 0, 3, 0, 1, 2)": [
      2.0070950034097215,
      -0.3744425778513365,
      0.9977462220664,
      0.604375791437659,
      1.7513098972809993,
      -0.35225593217071444,
      0.5238092269357102,
      2.2381379786753848
    ],
    "(3, 0, 3, 0, 2, 0)": [
      1.3865959074275096,
      -0.5407428724967497,
      0.6145435954162846,
      0.6353315991256047,
      1.421176404832766,
      -0.3191860182747005,
      1.7426026082973463,
      1.2028293125214402
    ],
    "(3, 0, 2, 0, 2, 1)": [
      0.750129531876713,
      -0.3685018447422683,
      0.03017240090549,
      0.0,
      0.2229061243981123,
      -0.3161211206696191,
      0.0,
      0.24272579150970397
    ],
    "(3, 0, 3, 0, 2, 2)": [
      0.8854401964893124,
      -0.5806328109427211,
      0.18069281219598554,
      0.45253015285042797,
      1.377235834922002,
      -0.7967020279637127,
      1.3748485552413467,
      1.8440310539537514
    ],
    "(3, 0, 3, 0, 2, 1)": [
      1.5428303365795628,
      -0.5190148913480372,
      0.24531228515413708,
      0.34261210500788447,
      0.4426370388185066,
      -0.38556786916542307,
      1.2044947678581033,
      2.2152685590472654
    ],
    "(2, 0, 2, 0, 2, 0)": [
      1.4208643049422311,
      -0.2497729360841753,
      0.0,
      0.1301660090602722,
      0.2781411344187302,
      -0.7673456483287461,
      0.2579945748226461,
      0.2198
    ],
    "(2, 0, 2, 0, 2, 1)": [
      0.42286615436048863,
      -0.5513149879462348,
      0.12004938738492628,
      0.0,
      0.6620493873849262,
      0.0,
      1.2052321553239451,
      0.40389309362000003
    ],
    "(2, 0, 2, 0, 2, 2)": [
      0.6382210918922184,
      -0.39837542398707526,
      0.1228962895102034,
      0.19398677196762204,
      0.2627583967549502,
      -0.3513750034570694,
      0.22937499582767487,
      0.2217602
    ],
    "(3, 0, 2, 0, 1, 2)": [
      0.2659437715146265,
      -0.3314712204758603,
      0.08880154447916772,
      0.02236444658838717,
      0.30487424775620053,
      -0.24683780423787377,
      0.4673278568020743,
      0.0
    ],
    "(2, 0, 3, 0, 0, 0)": [
      0.0,
      0.0,
      0.0,
      0.05778759626838001,
      0.43778759626838,
      0.0,
      0.25778759626838,
      0.0
    ],
    "(2, 0, 3, 0, 0, 1)": [
      0.0,
      -0.4117141872262409,
      0.0,
      0.0,
      0.2813445838828988,
      0.0,
      0.0,
      0.58371309362
    ],
    "(3, 0, 2, 0, 2, 0)": [
      0.9035115916482284,
      -0.14200542517735393,
      0.2567411909878125,
      0.039902407801392675,
      0.0,
      -0.14200542517735393,
      0.2579945748226461,
      0.2198
    ],
    "(3, 0, 2, 0, 2, 2)": [
      0.23137499392032623,
      -0.45806626543402673,
      0.07084222265438639,
      0.0926706229052515,
      0.0,
      -0.13078263552083227,
      0.0,
      0.0
    ],
    "(2, 0, 3, 0, 0, 2)": [
      0.47065132617731203,
      0.0,
      0.0,
      0.09539022491865701,
      0.2217602,
      0.0,
      0.821662463463624,
      0.0
    ],
    "(3, 0, 2, 0, 1, 0)": [
      0.0,
      0.0,
      0.020013271720200003,
      0.07830988839889952,
      0.4763218329470796,
      -0.1799867282798,
      0.22590350089279965,
      0.0
    ],
    "(3, 0, 2, 0, 1, 1)": [
      1.112765982205053,
      -0.33179570835659467,
      0.06165152416969323,
      0.04820429164340536,
      0.38025438260822025,
      -0.09767607108516324,
      0.2021542598,
      0.40085790585142117
    ],
    "(3, 0, 2, 0, 0, 0)": [
      0.0,
      0.0,
      0.0,
      0.0,
      0.0,
      0.0,
      0.0,
      0.2
    ],
    "(3, 0, 3, 0, 0, 1)": [
      0.0,
      0.0,
      0.0,
      0.0,
      0.0,
      0.0,
      0.0,
      0.2
    ],
    "(3, 0, 3, 0, 0, 2)": [
      0.0,
      -0.09512575224379949,
      0.0,
      0.0,
      0.0,
      0.0,
      0.0,
      0.0
    ]
  },
  "epsilon": 0.8183201210226743,
  "n_updates": 1200,
  "total_steps": 1200,
  "hyperparams": {
    "n_actions": 8,
    "lr": 0.1,
    "gamma": 0.99,
    "epsilon_min": 0.05,
    "epsilon_decay": 0.995
  }
}